{
  "timestamp": "2026-02-27T11:55:54.589746",
  "time_series": {
    "DSRC": {
      "time": [
        0.0,
        10.0,
        20.0,
        30.0,
        40.0,
        50.0,
        60.0,
        70.0,
        80.0,
        90.0,
        100.0,
        110.0,
        120.0,
        130.0,
        140.0,
        150.0,
        160.0,
        170.0,
        180.0,
        190.0,
        200.0,
        210.0,
        220.0,
        230.0,
        240.0,
        250.0,
        260.0,
        270.0,
        280.0,
        290.0
      ],
      "pdr": [
        0,
        0.0,
        0.0,
        0.0,
        0.8403361344537815,
        0.5617977528089888,
        0.39215686274509803,
        0.5934718100890208,
        0.6928406466512702,
        0.5586592178770949,
        0.6191950464396285,
        0.6544502617801047,
        0.6637168141592921,
        0.7547169811320755,
        0.7328990228013029,
        0.8522727272727272,
        0.7509386733416771,
        0.947603121516165,
        0.8555611474584801,
        1.0091743119266057,
        1.0942760942760943,
        1.1275272161741834,
        1.0465535907614578,
        1.0451786918408632,
        1.1058451816745656,
        1.1002081474873626,
        1.0393258426966292,
        0.9856153436334577,
        0.9627565239422345,
        0.916988416988417
      ],
      "latency": [
        0,
        0,
        0,
        0,
        7.167317026624135,
        7.167317026624135,
        7.167317026624135,
        7.201804226317394,
        7.196161533296763,
        7.196161533296763,
        7.276333474170364,
        7.328238732360575,
        7.3468268425949725,
        7.383824775350356,
        7.4048798620559815,
        7.434944313907511,
        7.434944313907511,
        7.545750767667533,
        7.545750767667533,
        7.599279098627407,
        7.59835513701985,
        7.609531545359595,
        7.609531545359595,
        7.5856744515958585,
        7.600489748522726,
        7.606304995977614,
        7.606304995977614,
        7.606304995977614,
        7.600468863020615,
        7.600468863020615
      ],
      "throughput": [
        0,
        0.0,
        0.0,
        0.0,
        0.060000000000000005,
        0.048,
        0.04,
        0.06857142857142856,
        0.09000000000000001,
        0.08,
        0.096,
        0.10909090909090909,
        0.12000000000000001,
        0.14769230769230768,
        0.15428571428571428,
        0.192,
        0.18000000000000002,
        0.24000000000000002,
        0.22666666666666666,
        0.2778947368421053,
        0.312,
        0.33142857142857146,
        0.3163636363636364,
        0.32347826086956527,
        0.35,
        0.3552,
        0.3415384615384615,
        0.3288888888888889,
        0.32571428571428573,
        0.31448275862068964
      ]
    },
    "C-V2X": {
      "time": [
        0.0,
        10.0,
        20.0,
        30.0,
        40.0,
        50.0,
        60.0,
        70.0,
        80.0,
        90.0,
        100.0,
        110.0,
        120.0,
        130.0,
        140.0,
        150.0,
        160.0,
        170.0,
        180.0,
        190.0,
        200.0,
        210.0,
        220.0,
        230.0,
        240.0,
        250.0,
        260.0,
        270.0,
        280.0,
        290.0
      ],
      "pdr": [
        0,
        0.0,
        3.571428571428571,
        7.042253521126761,
        5.042016806722689,
        6.179775280898876,
        7.8431372549019605,
        7.121661721068249,
        6.697459584295612,
        6.517690875232775,
        6.3467492260061915,
        6.020942408376963,
        5.752212389380531,
        5.283018867924529,
        4.804560260586319,
        5.326704545454546,
        5.381727158948686,
        5.351170568561873,
        5.385002516356316,
        5.5045871559633035,
        5.513468013468013,
        5.67651632970451,
        5.846264886322627,
        6.102494942683749,
        6.003159557661927,
        6.066012488849242,
        6.123595505617978,
        6.259989344698988,
        6.435267291613885,
        6.563706563706563
      ],
      "latency": [
        0,
        0,
        23.362499092253337,
        23.547715641496424,
        23.484315872351043,
        23.539094093971162,
        23.501098632663727,
        23.51406271979091,
        23.621826080427468,
        23.658563807327337,
        23.744981550557284,
        23.78978341693141,
        23.84516662775457,
        23.856717901102922,
        23.84091619762321,
        23.95550648537879,
        23.978946430508778,
        24.043171963760244,
        24.093424482211468,
        24.11234960202901,
        24.126735810813138,
        24.164229849041668,
        24.182190371013146,
        24.228009072140306,
        24.24824276208018,
        24.265149897985975,
        24.267582990090077,
        24.288567397822572,
        24.307892190906188,
        24.3254251643533
      ],
      "throughput": [
        0,
        0.0,
        0.12000000000000001,
        0.4,
        0.36000000000000004,
        0.528,
        0.8,
        0.8228571428571428,
        0.87,
        0.9333333333333333,
        0.9840000000000001,
        1.0036363636363637,
        1.0399999999999998,
        1.0338461538461539,
        1.0114285714285713,
        1.2,
        1.2899999999999998,
        1.355294117647059,
        1.4266666666666665,
        1.5157894736842106,
        1.572,
        1.6685714285714286,
        1.7672727272727273,
        1.888695652173913,
        1.9,
        1.9584,
        2.0123076923076924,
        2.088888888888889,
        2.177142857142857,
        2.251034482758621
      ]
    },
    "5G-V2X": {
      "time": [
        0.0,
        10.0,
        20.0,
        30.0,
        40.0,
        50.0,
        60.0,
        70.0,
        80.0,
        90.0,
        100.0,
        110.0,
        120.0,
        130.0,
        140.0,
        150.0,
        160.0,
        170.0,
        180.0,
        190.0,
        200.0,
        210.0,
        220.0,
        230.0,
        240.0,
        250.0,
        260.0,
        270.0,
        280.0,
        290.0
      ],
      "pdr": [
        0,
        33.33333333333333,
        28.57142857142857,
        19.718309859154928,
        18.487394957983195,
        17.415730337078653,
        18.43137254901961,
        18.100890207715135,
        17.551963048498845,
        17.318435754189945,
        16.718266253869967,
        17.015706806282722,
        17.25663716814159,
        16.50943396226415,
        16.286644951140065,
        16.974431818181817,
        17.146433041301627,
        16.666666666666664,
        16.45697030699547,
        16.3302752293578,
        16.456228956228955,
        16.25194401244168,
        16.167448574521835,
        16.082265677680375,
        16.018957345971565,
        15.938150460898006,
        16.039325842696627,
        16.062866275972297,
        15.80947555105143,
        15.854247104247104
      ],
      "latency": [
        0,
        5.503650704959817,
        4.839838131591829,
        4.487399244489919,
        4.4131711450071585,
        4.363904699588602,
        4.271736984609321,
        4.369293423601394,
        4.48314867157639,
        4.568416031878864,
        4.5811745768466094,
        4.678843919767537,
        4.722364978266208,
        4.749660052359236,
        4.789445448790911,
        4.832544315977358,
        4.859743694127258,
        4.895934992600211,
        4.932801747374272,
        4.95512136758996,
        4.985904433141945,
        5.000357077449039,
        5.014097624407621,
        5.027420560379461,
        5.043150412513957,
        5.053343461277791,
        5.0728151071424765,
        5.086697536432582,
        5.094176220532706,
        5.106619544389243
      ],